{"graph_0": {"_type": "graph-file", "path": "media/graph/g.r.a.p.h._.0_summary_e8103b39.graph.json", "sha256": "e8103b39843ce9c3522cdf160e87ff648aaff43da318baf0d8539f303fa3c089", "size": 15259}, "train-loss": 7.893159857084012e-05, "val-loss": 0.5970813614715423, "val-dice": 0.052687147805083066, "_step": 9, "_runtime": 999, "_timestamp": 1604112012}