{"graph_0": {"_type": "graph-file", "path": "media/graph/g.r.a.p.h._.0_summary_e8103b39.graph.json", "sha256": "e8103b39843ce9c3522cdf160e87ff648aaff43da318baf0d8539f303fa3c089", "size": 15259}, "train-loss": 9.138047823618199e-05, "val-loss": 0.6083838479327304, "val-dice": 0.03653706685557564, "_step": 13, "_runtime": 1395, "_timestamp": 1604112408}