{"graph_0": {"_type": "graph-file", "path": "media/graph/g.r.a.p.h._.0_summary_e8103b39.graph.json", "sha256": "e8103b39843ce9c3522cdf160e87ff648aaff43da318baf0d8539f303fa3c089", "size": 15259}, "train-loss": 8.303954041209714e-05, "val-loss": 0.6177190055272409, "val-dice": 0.01260675943995387, "_step": 15, "_runtime": 1496, "_timestamp": 1604112509}