{"train-loss": 0.03394304791160313, "val-loss": 0.1153575438854172, "train-dice": 0.23923103008058022, "val-dice": NaN, "_step": 8, "_runtime": 50554, "_timestamp": 1603346276}