{"train-loss": 0.03926823633494145, "val-loss": 0.1795141066389598, "train-dice": 0.22624512068324623, "val-dice": NaN, "_step": 3, "_runtime": 22477, "_timestamp": 1603318199}